Family;Genus;spName;WSG;logSLA;H;Seed
Anacardiaceae;AnacardiaceaeIND;AnacardiaceaeIND_sp.B1;0,4614;2,485503843;10;3
Anacardiaceae;Anacardium;Anacardium_spruceanum;0,4601;2,734583659;40;4
Anacardiaceae;Astronium;Astronium_lecointei;0,696;2,533324701;50;4
Anacardiaceae;Astronium;Astronium_ulei;0,7377;2,461868982;52;4
Anacardiaceae;Tapirira;Tapirira_bethanniana;0,583295;2,29249487;50;3
Anacardiaceae;Tapirira;Tapirira_guianensis;0,56165;2,493968164;25;3
Anacardiaceae;Tapirira;Tapirira_obtusa;0,4643;2,444311868;35;3
Anacardiaceae;Thyrsodium;Thyrsodium_guianense;0,61255;2,078912701;35;4
Anacardiaceae;Thyrsodium;Thyrsodium_puberulum;0,52;2,219882621;34;4
Annonaceae;Annona;Annona_prevostiae;0,28;2,510727349;10;2
Annonaceae;AnnonaceaeIND;AnnonaceaeIND_IND;0,52;2,785849917;10;2
Annonaceae;Duguetia;Duguetia_calycina;0,67;2,541951027;10;2
Annonaceae;Duguetia;Duguetia_surinamensis;0,757775;2,561763429;30;4
Annonaceae;Fusaea;Fusaea_longifolia;0,63;2,496741107;12;3
Annonaceae;Guatteria;Guatteria_anthracina;0,4607;2,193417121;52;3
Annonaceae;Guatteria;Guatteria_brevicuspis;0,5164;2,139929858;50;3
Annonaceae;Guatteria;Guatteria_guianensis;0,57845;2,217802778;15;3
Annonaceae;Guatteria;Guatteria_sp.B1;0,63877;2,710609441;50;3
Annonaceae;Guatteria;Guatteria_wachenheimii;0,5549;2,397370121;50;3
Annonaceae;Oxandra;Oxandra_asbeckii;0,73298;2,424474911;18;3
Annonaceae;Pseudoxandra;Pseudoxandra_cuspidata;0,5662;2,777508513;10;2
Annonaceae;Rollinia;Rollinia_elliptica;0,40073;2,700055972;10;2
Annonaceae;Tetrameranthus;Tetrameranthus_sp.;0,52253;2,121160582;52;1
Annonaceae;Unonopsis;Unonopsis_perrottetii;0,6862;2,753940676;53;3
Annonaceae;Unonopsis;Unonopsis_rufescens;0,585205;2,694100771;18;3
Annonaceae;Xylopia;Xylopia_frutescens;0,696935;2,579947229;50;2
Annonaceae;Xylopia;Xylopia_nitida;0,5865;2,262739184;34;2
Apocynaceae;Ambelania;Ambelania_acida;0,437795;2,195908864;20;2
Apocynaceae;Anartia;Anartia_meyerii;0,5;3,12565138;50;2
Apocynaceae;ApocynaceaeIND;ApocynaceaeIND_IND;0,7983;2,349491771;53;2
Apocynaceae;Aspidosperma;Aspidosperma_album;0,64905;1,995991782;35;3
Apocynaceae;Aspidosperma;Aspidosperma_cruentum;0,7379;2,355905896;25;3
Apocynaceae;Aspidosperma;Aspidosperma_marcgravianum;0,732;2,533030369;45;3
Apocynaceae;Aspidosperma;Aspidosperma_oblongum;0,7846;2,664828262;50;3
Apocynaceae;Aspidosperma;Aspidosperma_spruceanum;0,7034;1,977398764;52;3
Apocynaceae;Bonafousia;Bonafousia_undulata;0,59035;2,748927811;52;2
Apocynaceae;Couma;Couma_guianensis;0,47905;2,423282463;35;3
Apocynaceae;Geissospermum;Geissospermum_laevis;0,71915;2,721073641;50;2
Apocynaceae;Himatanthus;Himatanthus_sp.B1;0,4983;3,048620041;53;2
Apocynaceae;Lacmellea;Lacmellea_aculeata;0,5374;2,579318591;20;3
Apocynaceae;Macoubea;Macoubea_guianensis;0,425;2,657196818;32;3
Apocynaceae;Malouetia;Malouetia_guianensis;0,54731;2,750654807;50;2
Apocynaceae;Parahancornia;Parahancornia_fasciculata;0,45;2,609195175;33;3
Aquifoliaceae;Ilex;Ilex_sp.2DS;0,57145;2,475573363;52;4
Aquifoliaceae;Ilex;Ilex_sp.B1;0,51;2,159399435;52;1
Araliaceae;Schefflera;Schefflera_decaphylla;0,4458;1,906288445;40;2
Araliaceae;Schefflera;Schefflera_morototoni;0,51;2,319002652;35;2
Arecaceae;Astrocaryum;Astrocaryum_rodriguesii;0,5706;1,492540248;53;5
Arecaceae;Astrocaryum;Astrocaryum_sciophilum;0,5307;1,73172749;12;5
Arecaceae;Euterpe;Euterpe_oleracea;0,586;2,118013816;28;4
Arecaceae;Jessenia;Jessenia_bataua;0,54365;1,962189741;53;4
Arecaceae;Oenocarpus;Oenocarpus_bacaba;0,5583;1,923246289;25;4
Bignoniaceae;Jacaranda;Jacaranda_copaia;0,40207;2,276972517;38;2
Bignoniaceae;Tabebuia;Tabebuia_capitata;0,76985;2,626792164;32;2
Bignoniaceae;Tabebuia;Tabebuia_serratifolia;0,65161;3,0870692;30;2
Bignoniaceae;Tabebuia;Tabebuia_sp.B1;0,7828;3,241886936;50;4
Boraginaceae;Cordia;Cordia_sagotii;0,49;2,228134419;15;3
Boraginaceae;Cordia;Cordia_sp.B2;0,41282;2,906581995;50;3
Brassicaceae;Capparis;Capparis_leprieurii;0,51;2,29566557;10;4
Brassicaceae;Capparis;Capparis_maroniensis;0,6114;2,656921107;29;4
Burseraceae;BurseraceaeIND;BurseraceaeIND_sp.B1;0,6558;2,059617725;53;5
Burseraceae;Crepidospermum;Crepidospermum_goudotianum;0,6045;2,584536491;50;4
Burseraceae;Dacryodes;Dacryodes_cuspidata;0,7017;2,248285862;50;4
Burseraceae;Dacryodes;Dacryodes_nitens;0,558539529;2,262848635;23;4
Burseraceae;Dacryodes;Dacryodes_sp.B1;0,3616;2,138040291;12;4
Burseraceae;Dacryodes;Dacryodes_sp.B2;0,669527897;2,047227922;50;4
Burseraceae;Protium;Protium_altsonii;0,62125;2,665291221;52;4
Burseraceae;Protium;Protium_apiculatum;0,5642;2,503248833;25;3
Burseraceae;Protium;Protium_cuneatum;0,42518;2,490686584;50;3
Burseraceae;Protium;Protium_decandrum;0,53948;2,345695217;41;4
Burseraceae;Protium;Protium_demerarense;0,5985;2,679912807;50;3
Burseraceae;Protium;Protium_divaricatum;0,699165;2,842593685;10;3
Burseraceae;Protium;Protium_gallicum;0,662985;2,611856907;35;3
Burseraceae;Protium;Protium_giganteum;0,48959;2,624337785;30;3
Burseraceae;Protium;Protium_guianense;0,720215464;2,562269547;45;3
Burseraceae;Protium;Protium_morii;0,4757;2,445610228;10;3
Burseraceae;Protium;Protium_opacum;0,5769;2,41337638;30;4
Burseraceae;Protium;Protium_pallidum;0,60729;2,533992317;10;3
Burseraceae;Protium;Protium_plagiocarpum;0,637414789;2,709390842;50;4
Burseraceae;Protium;Protium_sagotianum;0,61;2,379876767;23;3
Burseraceae;Protium;Protium_sp.B1;0,7874;2,277120474;50;4
Burseraceae;Protium;Protium_sp.B2;0,59676;2,66336208;10;3
Burseraceae;Protium;Protium_sp.B3;0,43;2,325802745;50;4
Burseraceae;Protium;Protium_sp.B4;0,586;2,275282307;50;4
Burseraceae;Protium;Protium_subserratum;0,4597;2,742757749;33;3
Burseraceae;Protium;Protium_tenuifolium;0,601829562;1,979227798;34;3
Burseraceae;Protium;Protium_trifoliolatum;0,6362;2,642433422;15;3
Burseraceae;Tetragastris;Tetragastris_altissima;0,57785;2,478116321;50;3
Burseraceae;Tetragastris;Tetragastris_panamensis;0,68385;2,175591811;39;3
Burseraceae;Trattinnickia;Trattinnickia_demerarae;0,5488;1,729075499;53;1
Burseraceae;Trattinnickia;Trattinnickia_sp.B1;0,49;1,954914447;10;1
Caryocaraceae;Caryocar;Caryocar_glabrum;0,62905;2,467648118;48;5
Celastraceae;Cheiloclinium;Cheiloclinium_cognatum;0,68687;2,593796042;10;3
Celastraceae;Goupia;Goupia_glabra;0,660485;2,423769097;42;1
Celastraceae;Maytenus;Maytenus_guyanensis;0,65483;2,487572345;52;3
Celastraceae;Maytenus;Maytenus_myrsinoides;0,684995;1,822572541;50;3
Celastraceae;Maytenus;Maytenus_oblongata;0,7146;2,15423033;13;3
Celastraceae;Maytenus;Maytenus_sp.B1;0,69;2,341076905;50;3
Celastraceae;Maytenus;Maytenus_sp.B2;0,7605;1,389474014;50;3
Chrysobalanaceae;ChrysobalanaceaeIND;ChrysobalanaceaeIND_sp.B1;0,7626;2,492902663;50;4
Chrysobalanaceae;Couepia;Couepia_bracteosa;0,7988;2,158172866;20;5
Chrysobalanaceae;Couepia;Couepia_caryophylloides;0,745;2,45744433;39;5
Chrysobalanaceae;Couepia;Couepia_guianensis;0,7364;2,3330829;37;4
Chrysobalanaceae;Couepia;Couepia_habrantha;0,7747;1,961591639;30;5
Chrysobalanaceae;Couepia;Couepia_joaquinae;0,7878;2,598773597;10;5
Chrysobalanaceae;Couepia;Couepia_magnoliifolia;0,734115;2,119448522;10;5
Chrysobalanaceae;Couepia;Couepia_parillo;0,7493;2,505148464;20;5
Chrysobalanaceae;Exellodendron;Exellodendron_barbatum;0,71;2,557051115;52;4
Chrysobalanaceae;Hirtella;Hirtella_araguariensis;0,636645963;2,523305783;50;3
Chrysobalanaceae;Hirtella;Hirtella_bicornis;0,7354;2,670498239;29;3
Chrysobalanaceae;Hirtella;Hirtella_bicornisvarbicornis;0,74;2,689932336;52;3
Chrysobalanaceae;Hirtella;Hirtella_bicornisvarpubescens;0,677;2,604988777;50;3
Chrysobalanaceae;Hirtella;Hirtella_glandistipula;0,833;2,512014969;50;3
Chrysobalanaceae;Hirtella;Hirtella_glandulosa;0,7756;2,095392484;35;3
Chrysobalanaceae;Hirtella;Hirtella_macrosepala;0,677637948;2,489487085;53;3
Chrysobalanaceae;Hirtella;Hirtella_suffulta;0,78;2,443751188;52;3
Chrysobalanaceae;Licania;Licania_alba;0,72228;2,011204394;37;5
Chrysobalanaceae;Licania;Licania_canescens;0,7611;2,292208865;33;4
Chrysobalanaceae;Licania;Licania_glabriflora;0,685;2,811719519;10;4
Chrysobalanaceae;Licania;Licania_heteromorpha;0,78095;2,187965416;35;4
Chrysobalanaceae;Licania;Licania_IND;0,8111;1,928725324;10;3
Chrysobalanaceae;Licania;Licania_kunthiana;0,7514;2,01472667;35;4
Chrysobalanaceae;Licania;Licania_laevigata;0,7558;2,434496469;10;4
Chrysobalanaceae;Licania;Licania_latistipula;0,7944;2,417224461;39;4
Chrysobalanaceae;Licania;Licania_laxiflora;0,8113;2,255303559;29;4
Chrysobalanaceae;Licania;Licania_licaniiflora;0,6886;2,553089701;30;5
Chrysobalanaceae;Licania;Licania_majuscula;0,74;2,036531638;10;3
Chrysobalanaceae;Licania;Licania_membranacea;0,7903;2,066464756;40;3
Chrysobalanaceae;Licania;Licania_micrantha;0,7867;2,082790309;30;4
Chrysobalanaceae;Licania;Licania_minutiflora;0,7798;2,324157813;10;4
Chrysobalanaceae;Licania;Licania_octandra;0,56398;2,368264557;10;5
Chrysobalanaceae;Licania;Licania_ovalifolia;0,8144;1,721749697;37;4
Chrysobalanaceae;Licania;Licania_sp.11DS;0,7642;2,795253793;10;4
Chrysobalanaceae;Licania;Licania_sp.2DS;0,7873;1,759733443;10;3
Chrysobalanaceae;Licania;Licania_sp.B1;0,75;2,715177815;10;4
Chrysobalanaceae;Licania;Licania_sp.B3;0,795845;2,532861726;10;3
Chrysobalanaceae;Licania;Licania_sp.B4;0,6952;2,153796356;10;3
Chrysobalanaceae;Licania;Licania_sprucei;0,666;2,137206568;20;4
Chrysobalanaceae;Parinari;Parinari_campestris;0,70285;1,912582714;25;5
Chrysobalanaceae;Parinari;Parinari_excelsa;0,625;2,548955286;40;5
Chrysobalanaceae;Parinari;Parinari_montana;0,698305;1,968119051;39;5
Clusiaceae;Clusia;Clusia_grandiflora;0,7908;1,438667535;53;5
Clusiaceae;Moronobea;Moronobea_coccinea;0,61694;2,419384361;40;4
Clusiaceae;Platonia;Platonia_insignis;0,5925;1,688664848;40;5
Clusiaceae;Rheedia;Rheedia_madruno;0,6814;1,987138671;50;5
Clusiaceae;Symphonia;Symphonia_globulifera;0,5592;2,308620114;39;5
Clusiaceae;Symphonia;Symphonia_sp.1;0,6145;2,299410479;39;5
Clusiaceae;Tovomita;Tovomita_sp.2DS;0,8011;2,101539585;50;5
Clusiaceae;Tovomita;Tovomita_sp.B1;0,7125;2,536156332;50;5
Clusiaceae;Tovomita;Tovomita_sp.B10;0,7577;2,740367424;53;5
Clusiaceae;Tovomita;Tovomita_sp.B12;0,75395;2,619266989;50;5
Clusiaceae;Tovomita;Tovomita_sp.B4;0,72435;2,286566606;50;5
Clusiaceae;Tovomita;Tovomita_sp.B5;0,7328;2,200463566;50;5
Clusiaceae;Tovomita;Tovomita_sp.B6;0,80525;2,105967309;52;5
Clusiaceae;Tovomita;Tovomita_sp.B7;0,52238806;2,390608689;10;5
Clusiaceae;Tovomita;Tovomita_sp.B8;0,8224;2,235511716;52;5
Clusiaceae;Tovomita;Tovomita_sp.B9;0,76571;1,872792726;50;5
Clusiaceae;Vismia;Vismia_cayennensis;0,5355;2,443538221;10;1
Combretaceae;Buchenavia;Buchenavia_grandis;0,7486;2,997738292;30;4
Combretaceae;Buchenavia;Buchenavia_guianensis;0,7135;1,809707231;53;1
Combretaceae;Buchenavia;Buchenavia_IND;0,5736;2,753410236;50;3
Combretaceae;Buchenavia;Buchenavia_tetraphylla;0,69375;2,217883054;50;4
Combretaceae;Terminalia;Terminalia_guianensis;0,7764;2,900219644;50;3
Combretaceae;Terminalia;Terminalia_sp.B1;0,69923;2,51482324;53;3
Dichapetalaceae;Tapura;Tapura_amazonica;0,629;2,122255364;8;3
Dichapetalaceae;Tapura;Tapura_capitulifera;0,7122;1,791075268;35;3
Dichapetalaceae;Tapura;Tapura_guianensis;0,637335;2,583122788;5;3
Ebenaceae;Diospyros;Diospyros_capreifolia;0,6927;2,550369691;25;4
Ebenaceae;Diospyros;Diospyros_carbonaria;0,6397;2,185587207;20;3
Ebenaceae;Diospyros;Diospyros_cavalcantei;0,65;2,370374836;21;4
Ebenaceae;Diospyros;Diospyros_dichroa;0,58253;2,080953134;50;4
Elaeocarpaceae;Sloanea;Sloanea_brevipes;0,7601;2,541487131;53;3
Elaeocarpaceae;Sloanea;Sloanea_echinocarpa;0,7002;2,83018107;52;3
Elaeocarpaceae;Sloanea;Sloanea_eichleri;0,72;2,267421711;53;3
Elaeocarpaceae;Sloanea;Sloanea_garckeana;0,7677;2,349957207;52;3
Elaeocarpaceae;Sloanea;Sloanea_guianensis;0,693910899;2,759420935;40;3
Elaeocarpaceae;Sloanea;Sloanea_latifolia;0,7846;1,808122651;50;3
Elaeocarpaceae;Sloanea;Sloanea_sp.B1;0,7764;1,681092761;50;3
Elaeocarpaceae;Sloanea;Sloanea_sp.B11;0,69399;2,600217509;52;3
Elaeocarpaceae;Sloanea;Sloanea_sp.B12;0,75666;2,576255395;53;3
Elaeocarpaceae;Sloanea;Sloanea_sp.B14;0,7301;2,179272582;50;3
Elaeocarpaceae;Sloanea;Sloanea_sp.B15;0,60155;2,147949353;50;3
Elaeocarpaceae;Sloanea;Sloanea_sp.B16;0,8027;2,663579639;53;3
Elaeocarpaceae;Sloanea;Sloanea_sp.B2;0,8964;1,804482553;50;3
Elaeocarpaceae;Sloanea;Sloanea_sp.B3;0,7342;2,179040849;50;3
Elaeocarpaceae;Sloanea;Sloanea_sp.B4;0,78855;2,090313395;50;3
Elaeocarpaceae;Sloanea;Sloanea_sp.B5;0,8797;2,308305932;50;3
Elaeocarpaceae;Sloanea;Sloanea_sp.B6;0,74924;1,925401394;50;3
Elaeocarpaceae;Sloanea;Sloanea_sp.B7;0,6662;1,901231733;53;3
Elaeocarpaceae;Sloanea;Sloanea_sp.B8;0,71;2,487447947;50;3
Elaeocarpaceae;Sloanea;Sloanea_sp.B9;0,72;1,904040428;50;3
Euphorbiaceae;Chaetocarpus;Chaetocarpus_schomburgkianus;0,7543;1,768407232;38;2
Euphorbiaceae;Chaetocarpus;Chaetocarpus_sp.1;0,59935;2,120967327;53;2
Euphorbiaceae;Conceveiba;Conceveiba_guianensis;0,54295;2,456949691;20;3
Euphorbiaceae;Drypetes;Drypetes_fanshawei;0,7177;2,48041237;33;3
Euphorbiaceae;Drypetes;Drypetes_variabilis;0,69435;2,233925879;25;4
Euphorbiaceae;Glycydendron;Glycydendron_amazonicum;0,5511;2,948943491;36;5
Euphorbiaceae;Hevea;Hevea_guianensis;0,5444;2,729447727;35;4
Euphorbiaceae;Hyeronima;Hyeronima_alchorneoides;0,5927;2,697157407;53;2
Euphorbiaceae;Mabea;Mabea_piriri;0,615;2,556017485;20;3
Euphorbiaceae;Mabea;Mabea_sp.B1;0,67993;2,230328754;53;3
Euphorbiaceae;Mabea;Mabea_speciosa;0,65855;2,58748151;50;3
Euphorbiaceae;Maprounea;Maprounea_guianensis;0,51;2,583394286;50;2
Euphorbiaceae;Pogonophora;Pogonophora_schomburgkiana;0,71345;2,567025418;20;3
Euphorbiaceae;Sandwithia;Sandwithia_guianensis;0,686060554;2,757158845;14;3
Fabaceae;Abarema;Abarema_jupunba;0,5728;2,584349939;36;3
Fabaceae;Abarema;Abarema_mataybifolia;0,7126;2,089120549;26;3
Fabaceae;Alexa;Alexa_wachenheimii;0,51;2,498950928;42;4
Fabaceae;Andira;Andira_inermis;0,62871;2,109052018;50;3
Fabaceae;Andira;Andira_surinamensis;0,6555;2,694256879;50;5
Fabaceae;Balizia;Balizia_pedicellaris;0,57;2,296685371;44;2
Fabaceae;Bocoa;Bocoa_prouacensis;0,7693;2,375808761;34;4
Fabaceae;Cassia;Cassia_spruceana;0,7605;2,280112237;32;3
Fabaceae;Cedrelinga;Cedrelinga_cateniformis;0,3172;2,809820854;10;2
Fabaceae;Dialium;Dialium_guianense;0,67;2,685237767;35;3
Fabaceae;Dicorynia;Dicorynia_guianensis;0,6148;2,392651773;52;4
Fabaceae;Diplotropis;Diplotropis_purpurea;0,78735;2,438715627;45;3
Fabaceae;Dipteryx;Dipteryx_odorata;0,876;2,262703866;40;5
Fabaceae;Dipteryx;Dipteryx_punctata;0,8537;1,901671654;50;5
Fabaceae;Dussia;Dussia_discolor;0,654545455;2,745625613;50;4
Fabaceae;Enterolobium;Enterolobium_schomburgkii;0,7139;1,975850745;40;3
Fabaceae;Eperua;Eperua_falcata;0,6118;2,560137462;44;4
Fabaceae;Eperua;Eperua_grandiflora;0,6635;2,047330328;42;5
Fabaceae;FabaceaeIND;FabaceaeIND_sp.B1;0,5062;2,823930616;50;3
Fabaceae;FabaceaeIND;FabaceaeIND_sp.B2;0,7142;2,278672767;52;4
Fabaceae;FabaceaeIND;FabaceaeIND_sp.B3;0,7189;2,750361399;53;4
Fabaceae;Hymenaea;Hymenaea_courbaril;0,6231;1,817913747;52;1
Fabaceae;Hymenolobium;Hymenolobium_flavum;0,6565;2,789019264;50;4
Fabaceae;Hymenolobium;Hymenolobium_sp.B1;0,5573;2,469240533;10;4
Fabaceae;Inga;Inga_acreana;0,72368;2,758446469;50;4
Fabaceae;Inga;Inga_acrocephala;0,515325;2,71625367;10;3
Fabaceae;Inga;Inga_alba;0,51025;2,695701007;40;3
Fabaceae;Inga;Inga_albicoria;0,64251;2,577835561;10;3
Fabaceae;Inga;Inga_brachystachys;0,76885;2,500606174;53;3
Fabaceae;Inga;Inga_fanchoniana;0,7763;3,058984948;37;4
Fabaceae;Inga;Inga_gracilifolia;0,8063;2,530741186;35;3
Fabaceae;Inga;Inga_huberi;0,6448;2,507475204;21;4
Fabaceae;Inga;Inga_leiocalycina;0,7026;2,878356321;25;3
Fabaceae;Inga;Inga_longipedunculata;0,57416;2,446928912;10;3
Fabaceae;Inga;Inga_loubryana;0,7243;2,23798865;52;4
Fabaceae;Inga;Inga_melinonis;0,68283;2,463230578;29;4
Fabaceae;Inga;Inga_nouraguensis;0,6967;2,658621049;31;3
Fabaceae;Inga;Inga_paraensis;0,62734;2,314716958;38;3
Fabaceae;Inga;Inga_pezizifera;0,5511;2,762141807;30;3
Fabaceae;Inga;Inga_rubiginosa;0,6091;2,323598283;21;3
Fabaceae;Inga;Inga_sarmentosa;0,63616;2,205411966;25;3
Fabaceae;Inga;Inga_sp.B1;0,5985;2,553652714;50;4
Fabaceae;Inga;Inga_sp.B2;0,72147;2,35674808;50;4
Fabaceae;Inga;Inga_sp.B3;0,53817;2,644710351;10;3
Fabaceae;Inga;Inga_sp.B4;0,68732;2,438061627;50;4
Fabaceae;Inga;Inga_stipularis;0,7334;2,049652869;23;3
Fabaceae;Macrolobium;Macrolobium_bifolium;0,71;2,994643147;31;4
Fabaceae;Ormosia;Ormosia_coccinea;0,47887;2,185761424;43;3
Fabaceae;Ormosia;Ormosia_flava;0,6433;2,608851488;52;3
Fabaceae;Ormosia;Ormosia_stipularis;0,6962;2,43264565;50;3
Fabaceae;Parkia;Parkia_decussata;0,62591;2,414522248;50;3
Fabaceae;Parkia;Parkia_gigantocarpa;0,663924794;2,773512527;50;3
Fabaceae;Parkia;Parkia_nitida;0,687575;2,162627172;40;3
Fabaceae;Parkia;Parkia_sp.B1;0,4509;3,016350744;53;3
Fabaceae;Parkia;Parkia_ulei;0,58861;1,830633196;45;3
Fabaceae;Parkia;Parkia_velutina;0,4736;2,599465251;40;3
Fabaceae;Peltogyne;Peltogyne_paniculata;0,8638;2,702773144;30;3
Fabaceae;Peltogyne;Peltogyne_sp.1DS;0,7768;2,274876003;50;4
Fabaceae;Peltogyne;Peltogyne_venosa;0,7788;2,150849528;45;4
Fabaceae;Platymiscium;Platymiscium_pinnatum;0,73784;2,840164055;35;4
Fabaceae;Poecilanthe;Poecilanthe_effusa;0,69;2,833086287;50;4
Fabaceae;Pseudopiptadenia;Pseudopiptadenia_psilostachya;0,49035;2,316237614;50;2
Fabaceae;Pseudopiptadenia;Pseudopiptadenia_suaveolens;0,64;1,388650075;41;2
Fabaceae;Recordoxylon;Recordoxylon_speciosum;0,89555;2,813697076;40;4
Fabaceae;Stryphnodendron;Stryphnodendron_moricolor;0,5906;2,616775772;52;2
Fabaceae;Stryphnodendron;Stryphnodendron_polystachyum;0,58;2,622386715;40;2
Fabaceae;Swartzia;Swartzia_amshoffiana;0,733378379;2,5852479;50;4
Fabaceae;Swartzia;Swartzia_arborescens;0,705;2,825720579;23;3
Fabaceae;Swartzia;Swartzia_benthamiana;0,63;2,206103828;53;4
Fabaceae;Swartzia;Swartzia_canescens;0,75134;2,407945609;53;4
Fabaceae;Swartzia;Swartzia_grandifolia;0,66;2,422854661;18;3
Fabaceae;Swartzia;Swartzia_leblondii;0,8067;2,467873283;23;4
Fabaceae;Swartzia;Swartzia_oblanceolata;0,63594;2,424890063;30;3
Fabaceae;Swartzia;Swartzia_panacoco;0,8342;2,868043437;33;4
Fabaceae;Swartzia;Swartzia_panacocovar.panacoco;0,82;2,038531639;52;4
Fabaceae;Swartzia;Swartzia_polyphylla;0,6905;2,286918976;44;4
Fabaceae;Swartzia;Swartzia_sp.B1;0,7232;2,542938197;53;4
Fabaceae;Tachigali;Tachigali_bracteolata;0,38801;2,682074715;53;3
Fabaceae;Tachigali;Tachigali_guianensis;0,4198;2,989144014;40;3
Fabaceae;Tachigali;Tachigali_melinonii;0,7339;2,657708752;51;3
Fabaceae;Tachigali;Tachigali_paniculata;0,576;2,018575021;52;3
Fabaceae;Tachigali;Tachigali_paraensis;0,54;2,00045533;50;3
Fabaceae;Vatairea;Vatairea_erythrocarpa;0,72345;2,467636595;30;4
Fabaceae;Vataireopsis;Vataireopsis_surinamensis;0,7536;2,940884473;50;4
Fabaceae;Vouacapoua;Vouacapoua_americana;0,69;2,662027289;38;5
Fabaceae;Zygia;Zygia_racemosa;0,7436;2,252574672;30;2
Fabaceae;Zygia;Zygia_tetragona;0,88185;2,594916833;35;2
Humiriaceae;Humiriastrum;Humiriastrum_subcrenatum;0,6963;1,83042861;48;4
Humiriaceae;Sacoglottis;Sacoglottis_cydonioides;0,6835;2,332890442;35;4
Humiriaceae;Sacoglottis;Sacoglottis_guianensis;0,7135;1,731440516;37;4
Humiriaceae;Sacoglottis;Sacoglottis_sp.B1;0,7;2,030175617;50;4
Humiriaceae;Vantanea;Vantanea_parviflora;0,78056;1,957774052;40;4
Icacinaceae;Dendrobangia;Dendrobangia_boliviana;0,6;2,490532509;35;3
Icacinaceae;Discophora;Discophora_guianensis;0,50605;2,575642162;10;2
Icacinaceae;Emmotum;Emmotum_fagifolium;0,70215;2,020527536;30;4
Icacinaceae;Poraqueiba;Poraqueiba_guianensis;0,6759;2,263497704;29;4
IND;INDIND;INDIND_IND;0,4342;2,085064799;10;1
IND;INDIND;INDIND_sp.B1;0,5346;2,925612343;10;2
Ixonanthaceae;Cyrillopsis;Cyrillopsis_paraensis;0,7748;2,869859659;53;4
Lacistemataceae;Lacistema;Lacistema_grandifolium;0,49206;2,688441447;15;2
Lauraceae;Aiouea;Aiouea_longipetiolata;0,47615;2,42595244;10;2
Lauraceae;Aniba;Aniba_guianensis;0,61185;2,802045326;50;2
Lauraceae;Aniba;Aniba_hostmanniana;0,76175;2,076911732;53;4
Lauraceae;Aniba;Aniba_panurensis;0,58305;2,453070008;50;2
Lauraceae;Aniba;Aniba_terminalis;0,6373;2,806773944;53;2
Lauraceae;Aniba;Aniba_williamsii;0,6123;2,035555065;50;2
Lauraceae;Endlicheria;Endlicheria_melinonii;0,6;2,594114804;25;4
Lauraceae;LauraceaeIND;LauraceaeIND_sp.7DS;0,3892;2,904644684;50;2
Lauraceae;LauraceaeIND;LauraceaeIND_sp.B1;0,8931;2,066340918;53;4
Lauraceae;LauraceaeIND;LauraceaeIND_sp.B10;0,6471;2,425631673;53;2
Lauraceae;LauraceaeIND;LauraceaeIND_sp.B11;0,465;3,223885412;50;2
Lauraceae;LauraceaeIND;LauraceaeIND_sp.B12;0,6536;2,706578097;50;2
Lauraceae;LauraceaeIND;LauraceaeIND_sp.B13;0,6981;2,670045043;50;2
Lauraceae;LauraceaeIND;LauraceaeIND_sp.B15;0,7167;2,472571416;50;2
Lauraceae;LauraceaeIND;LauraceaeIND_sp.B16;0,6905;2,696381457;50;2
Lauraceae;LauraceaeIND;LauraceaeIND_sp.B17;0,482675;2,504784641;50;2
Lauraceae;LauraceaeIND;LauraceaeIND_sp.B18;0,7121;2,332633789;53;2
Lauraceae;LauraceaeIND;LauraceaeIND_sp.B19;0,47585;2,37830919;10;2
Lauraceae;LauraceaeIND;LauraceaeIND_sp.B2;0,7;2,639676516;53;2
Lauraceae;LauraceaeIND;LauraceaeIND_sp.B20;0,6945;1,954278399;50;5
Lauraceae;LauraceaeIND;LauraceaeIND_sp.B21;0,7;1,594179759;50;2
Lauraceae;LauraceaeIND;LauraceaeIND_sp.B22;0,46;2,131286892;10;2
Lauraceae;LauraceaeIND;LauraceaeIND_sp.B23;0,42;2,435458374;10;2
Lauraceae;LauraceaeIND;LauraceaeIND_sp.B24;0,79;2,148533556;50;2
Lauraceae;LauraceaeIND;LauraceaeIND_sp.B25;0,65;2,590267165;52;2
Lauraceae;LauraceaeIND;LauraceaeIND_sp.B26;0,67;2,082154492;53;2
Lauraceae;LauraceaeIND;LauraceaeIND_sp.B27;0,33;2,263987793;10;2
Lauraceae;LauraceaeIND;LauraceaeIND_sp.B28;0,571327397;1,759085576;52;5
Lauraceae;LauraceaeIND;LauraceaeIND_sp.B29;0,605;1,98772198;50;2
Lauraceae;LauraceaeIND;LauraceaeIND_sp.B3;0,8655;2,03693781;50;2
Lauraceae;LauraceaeIND;LauraceaeIND_sp.B30;0,33;2,861319746;10;2
Lauraceae;LauraceaeIND;LauraceaeIND_sp.B32;0,63585;2,360872567;53;2
Lauraceae;LauraceaeIND;LauraceaeIND_sp.B33;0,63738;2,008436586;50;2
Lauraceae;LauraceaeIND;LauraceaeIND_sp.B34;0,43019;1,949559371;10;2
Lauraceae;LauraceaeIND;LauraceaeIND_sp.B35;0,485915;2,10272056;12;2
Lauraceae;LauraceaeIND;LauraceaeIND_sp.B36;0,67598;1,987456565;52;2
Lauraceae;LauraceaeIND;LauraceaeIND_sp.B37;0,37227;2,115767834;10;2
Lauraceae;LauraceaeIND;LauraceaeIND_sp.B38;0,463515;2,558400403;10;2
Lauraceae;LauraceaeIND;LauraceaeIND_sp.B4;0,7671;2,770952209;50;2
Lauraceae;LauraceaeIND;LauraceaeIND_sp.B5;0,717522659;2,377596214;50;2
Lauraceae;LauraceaeIND;LauraceaeIND_sp.B6;0,7626;2,794660736;52;2
Lauraceae;LauraceaeIND;LauraceaeIND_sp.B7;0,4867;1,718112433;32;2
Lauraceae;LauraceaeIND;LauraceaeIND_sp.B8;0,676215;2,090537347;50;2
Lauraceae;LauraceaeIND;LauraceaeIND_sp.B9;0,6007;2,087037889;52;2
Lauraceae;Licaria;Licaria_cannella;0,71225;2,324237704;40;4
Lauraceae;Licaria;Licaria_chrysophylla;0,71095;2,356633597;36;4
Lauraceae;Licaria;Licaria_guianensis;0,8053;2,557868765;25;3
Lauraceae;Ocotea;Ocotea_amazonica;0,5055;2,073528459;25;4
Lauraceae;Ocotea;Ocotea_argyrophylla;0,4325;1,9797031;53;3
Lauraceae;Ocotea;Ocotea_cinerea;0,3966;2,354617637;50;3
Lauraceae;Ocotea;Ocotea_indirectinervia;0,592;1,728767942;33;4
Lauraceae;Ocotea;Ocotea_percurrens;0,4381;2,193811605;12;3
Lauraceae;Ocotea;Ocotea_schomburgkiana;0,44915;2,405704354;50;4
Lauraceae;Ocotea;Ocotea_sp.B1;0,7022;1,498843305;52;4
Lauraceae;Ocotea;Ocotea_subterminalis;0,643;2,122887827;10;3
Lauraceae;Ocotea;Ocotea_tomentella;0,5003;2,135080703;46;4
Lauraceae;Rhodostemonodaphne;Rhodostemonodaphne_grandis;0,43;1,978000805;30;4
Lauraceae;Rhodostemonodaphne;Rhodostemonodaphne_kunthiana;0,397115;2,25010913;10;4
Lauraceae;Rhodostemonodaphne;Rhodostemonodaphne_praeclara;0,4276;2,188980126;10;4
Lauraceae;Rhodostemonodaphne;Rhodostemonodaphne_rufovirgata;0,53559;2,413947722;10;4
Lauraceae;Sextonia;Sextonia_rubra;0,4669;2,251459181;44;4
Lecythidaceae;Couratari;Couratari_calycina;0,554;2,01240614;31;3
Lecythidaceae;Couratari;Couratari_gloriosa;0,6079;2,466463642;30;3
Lecythidaceae;Couratari;Couratari_guianensis;0,464975;2,278036957;42;3
Lecythidaceae;Couratari;Couratari_multiflora;0,64;2,519217819;38;2
Lecythidaceae;Couratari;Couratari_oblongifolia;0,48225;2,559543565;40;2
Lecythidaceae;Eschweilera;Eschweilera_apiculata;0,66717;2,44243961;38;4
Lecythidaceae;Eschweilera;Eschweilera_chartaceifolia;0,6953;2,597319165;28;4
Lecythidaceae;Eschweilera;Eschweilera_congestiflora;0,7252;1,966078598;32;4
Lecythidaceae;Eschweilera;Eschweilera_coriacea;0,690855;2,292738992;37;4
Lecythidaceae;Eschweilera;Eschweilera_decolorans;0,687825;2,144811483;38;4
Lecythidaceae;Eschweilera;Eschweilera_grandiflora;0,67;2,185368544;42;4
Lecythidaceae;Eschweilera;Eschweilera_micrantha;0,73;2,299702416;37;4
Lecythidaceae;Eschweilera;Eschweilera_parviflora;0,74;2,332924044;43;4
Lecythidaceae;Eschweilera;Eschweilera_pedicellata;0,6438;2,614042998;20;4
Lecythidaceae;Eschweilera;Eschweilera_praeclara;0,61545;2,50596221;12;4
Lecythidaceae;Eschweilera;Eschweilera_sagotiana;0,6915;1,998505651;41;4
Lecythidaceae;Eschweilera;Eschweilera_simiorum;0,67816;2,586770658;25;4
Lecythidaceae;Eschweilera;Eschweilera_squamata;0,60965;2,385963462;35;4
Lecythidaceae;Gustavia;Gustavia_hexapetala;0,6468;2,564801275;20;3
Lecythidaceae;LecythidaceaeIND;LecythidaceaeIND_sp.B1;0,641539695;2,339291806;50;4
Lecythidaceae;LecythidaceaeIND;LecythidaceaeIND_sp.B2;0,62;2,415959389;12;2
Lecythidaceae;LecythidaceaeIND;LecythidaceaeIND_sp.B3;0,69;2,519321608;53;4
Lecythidaceae;LecythidaceaeIND;LecythidaceaeIND_sp.B4;0,61233;2,375630131;50;3
Lecythidaceae;LecythidaceaeIND;LecythidaceaeIND_sp.B5;0,60192;2,534239401;12;4
Lecythidaceae;LecythidaceaeIND;LecythidaceaeIND_sp.B6;0,70826;2,051075022;50;3
Lecythidaceae;Lecythis;Lecythis_aurantiaca;0,66631;2,097969034;50;4
Lecythidaceae;Lecythis;Lecythis_chartacea;0,69173;2,576323921;40;4
Lecythidaceae;Lecythis;Lecythis_corrugata;0,61095;2,205967451;35;4
Lecythidaceae;Lecythis;Lecythis_holcogyne;0,636045;2,43500346;40;4
Lecythidaceae;Lecythis;Lecythis_idatimon;0,6292;2,172268321;44;4
Lecythidaceae;Lecythis;Lecythis_persistens;0,7034;2,075169932;30;4
Lecythidaceae;Lecythis;Lecythis_poiteaui;0,66;2,593688725;38;5
Lecythidaceae;Lecythis;Lecythis_sp.B1;0,682788051;2,141144912;52;4
Lecythidaceae;Lecythis;Lecythis_zabucajo;0,7;2,441791098;55;4
Linaceae;Hebepetalum;Hebepetalum_humiriifolium;0,7143;2,701641503;20;3
Loganiaceae;Antonia;Antonia_ovata;0,4104;2,040970012;38;1
Malpighiaceae;Bunchosia;Bunchosia_sp.B1;0,60025;2,376636893;50;4
Malpighiaceae;Byrsonima;Byrsonima_laevigata;0,678285;2,37745178;23;3
Malvaceae;Apeiba;Apeiba_glabra;0,459;2,481320966;23;1
Malvaceae;Apeiba;Apeiba_petoumo;0,3946;2,690945732;30;2
Malvaceae;Bombacopsis;Bombacopsis_nervosa;0,51801;2,789959156;36;3
Malvaceae;Catostemma;Catostemma_fragrans;0,65;2,243080362;25;5
Malvaceae;Eriotheca;Eriotheca_longitubulosa;0,63525;2,287988376;50;1
Malvaceae;Eriotheca;Eriotheca_sp.B1;0,6;2,905493956;50;3
Malvaceae;Eriotheca;Eriotheca_sp.B2;0,497;1,831120543;53;1
Malvaceae;Lueheopsis;Lueheopsis_rugosa;0,5152;2,461226835;35;2
Malvaceae;MalvaceaeIND;MalvaceaeIND_sp.B1;0,4051;2,383034104;52;1
Malvaceae;MalvaceaeIND;MalvaceaeIND_sp.B2;0,5134;2,585280202;50;1
Malvaceae;MalvaceaeIND;MalvaceaeIND_sp.B3;0,4395;2,28903367;10;1
Malvaceae;Pachira;Pachira_dolichocalyx;0,5313;2,924889263;25;4
Malvaceae;Quararibea;Quararibea_duckei;0,58257;2,994745923;50;3
Malvaceae;Quararibea;Quararibea_spatulata;0,52355;2,754537318;10;2
Malvaceae;Sterculia;Sterculia_frondosa;0,4762;2,055740975;10;4
Malvaceae;Sterculia;Sterculia_lisae;0,37935;2,806409277;12;4
Malvaceae;Sterculia;Sterculia_multiovula;0,5365;1,97154913;53;4
Malvaceae;Sterculia;Sterculia_parviflora;0,482704054;2,742984461;10;2
Malvaceae;Sterculia;Sterculia_pruriens;0,4842;2,318665842;43;4
Malvaceae;Sterculia;Sterculia_sp.2;0,39173;2,938239395;10;4
Malvaceae;Sterculia;Sterculia_sp.B1;0,30658;2,644228744;12;4
Malvaceae;Sterculia;Sterculia_speciosa;0,498537942;2,246814506;10;4
Malvaceae;Sterculia;Sterculia_villifera;0,48;2,257010223;10;4
Malvaceae;Theobroma;Theobroma_subincanum;0,564;2,448729241;20;4
Malvaceae;Theobroma;Theobroma_velutinum;0,616344354;2,1241179;15;4
Melastomataceae;Henriettella;Henriettella_flavescens;0,61751;3,068554663;52;2
Melastomataceae;Loreya;Loreya_arborescens;0,53951;2,581404554;37;1
Melastomataceae;Miconia;Miconia_acuminata;0,65815;2,348820859;20;1
Melastomataceae;Miconia;Miconia_fragilis;0,5758;2,629870244;18;1
Melastomataceae;Miconia;Miconia_punctata;0,57242;1,976223314;50;1
Melastomataceae;Miconia;Miconia_sp.2;0,57494;2,513002082;52;1
Melastomataceae;Miconia;Miconia_sp.B1;0,52;2,844761247;50;1
Melastomataceae;Miconia;Miconia_sp.B2;0,57236;2,419433506;50;1
Melastomataceae;Miconia;Miconia_sp.B3;0,586745;2,664520864;53;1
Melastomataceae;Miconia;Miconia_tschudyoides;0,5293;2,485220179;10;1
Melastomataceae;Mouriri;Mouriri_crassifolia;0,774;1,835910384;35;3
Melastomataceae;Mouriri;Mouriri_huberi;0,6975;1,970136435;30;3
Melastomataceae;Mouriri;Mouriri_sagotiana;0,79;2,43370166;50;3
Meliaceae;Carapa;Carapa_procera;0,56395;2,288732145;41;5
Meliaceae;Guarea;Guarea_costata;0,71;2,869763653;50;3
Meliaceae;Guarea;Guarea_grandifolia;0,55778;2,348937518;53;4
Meliaceae;Guarea;Guarea_guidonia;0,72;2,559439702;52;4
Meliaceae;Guarea;Guarea_scabra;0,5818;2,859307453;50;4
Meliaceae;Guarea;Guarea_silvatica;0,67795;2,819463526;10;2
Meliaceae;Trichilia;Trichilia_cipo;0,7611;2,623683162;50;4
Meliaceae;Trichilia;Trichilia_euneura;0,5764;2,515496363;10;3
Meliaceae;Trichilia;Trichilia_micrantha;0,62571;2,935358131;20;3
Meliaceae;Trichilia;Trichilia_pallida;0,55595;2,783104187;10;3
Meliaceae;Trichilia;Trichilia_schomburgkii;0,72;2,266708536;20;4
Meliaceae;Trichilia;Trichilia_surinamensis;0,70385;2,504328941;52;3
Monimiaceae;Siparuna;Siparuna_cristata;0,6671;2,471401017;50;3
Monimiaceae;Siparuna;Siparuna_decipiens;0,5986;2,683788207;18;3
Monimiaceae;Siparuna;Siparuna_pachyantha;0,6439;2,252384812;50;3
Moraceae;Bagassa;Bagassa_guianensis;0,6216;2,229150312;45;1
Moraceae;Brosimum;Brosimum_guianense;0,7166;2,39099605;45;3
Moraceae;Brosimum;Brosimum_rubescens;0,61915;2,505323656;32;4
Moraceae;Brosimum;Brosimum_utile;0,6157;2,252246238;50;4
Moraceae;Ficus;Ficus_sp.B1;0,9387;1,968296263;52;4
Moraceae;Ficus;Ficus_sp.B2;0,42826;2,535898201;10;1
Moraceae;Helicostylis;Helicostylis_pedunculata;0,54375;2,414527088;25;3
Moraceae;Helicostylis;Helicostylis_tomentosa;0,63;2,196757124;30;3
Moraceae;Maquira;Maquira_calophylla;0,74665;2,149997205;50;3
Moraceae;Maquira;Maquira_guianensis;0,69043;2,487650136;30;3
Moraceae;Naucleopsis;Naucleopsis_guianensis;0,548345;2,563863001;20;3
Moraceae;Perebea;Perebea_guianensis;0,6011;2,536390426;53;3
Moraceae;Perebea;Perebea_rubra;0,5986;2,561318532;30;3
Moraceae;Trymatococcus;Trymatococcus_amazonicus;0,5505;2,582028689;30;3
Moraceae;Trymatococcus;Trymatococcus_oligandrus;0,55605;2,6632939;20;3
Myristicaceae;Iryanthera;Iryanthera_hostmannii;0,63;2,365466613;13;4
Myristicaceae;Iryanthera;Iryanthera_sagotiana;0,5829;2,408016428;31;4
Myristicaceae;Osteophloeum;Osteophloeum_platyspermum;0,433635;2,432241536;10;1
Myristicaceae;Virola;Virola_kwatae;0,433885;2,525443388;10;4
Myristicaceae;Virola;Virola_michelii;0,54;2,355904488;41;4
Myristicaceae;Virola;Virola_multicostata;0,438;2,349552707;10;4
Myrtaceae;Calyptranthes;Calyptranthes_speciosa;0,81374;2,582007828;53;4
Myrtaceae;Eugenia;Eugenia_coffeifolia;0,7899;2,595489109;25;3
Myrtaceae;Eugenia;Eugenia_cucullata;0,6908;1,683466911;50;3
Myrtaceae;Eugenia;Eugenia_cupulata;0,522600748;1,858329414;50;3
Myrtaceae;Eugenia;Eugenia_feijoi;0,7487;2,491128817;50;4
Myrtaceae;Eugenia;Eugenia_macrocalyx;0,77955;2,558152512;25;4
Myrtaceae;Eugenia;Eugenia_patrisii;0,73935;2,828678189;15;3
Myrtaceae;Eugenia;Eugenia_pseudopsidium;0,69516;2,448100905;25;3
Myrtaceae;Eugenia;Eugenia_sp.B1;0,68;2,199630066;52;4
Myrtaceae;Eugenia;Eugenia_sp.FG14;0,7841;2,236781092;50;4
Myrtaceae;Eugenia;Eugenia_sp.FG20;0,811;1,748093142;50;4
Myrtaceae;Eugenia;Eugenia_sp.FG21;0,7212;2,408016428;50;3
Myrtaceae;Eugenia;Eugenia_sp.FG6;0,6149;2,022911071;50;3
Myrtaceae;Eugenia;Eugenia_tapacumensis;0,72;2,075679944;52;4
Myrtaceae;Eugenia;Eugenia_tetramera;0,7604;2,402652245;25;3
Myrtaceae;Myrcia;Myrcia_decorticans;0,7536;2,229031229;30;3
Myrtaceae;Myrcia;Myrcia_deflexa;0,68244;1,789977279;50;3
Myrtaceae;Myrcia;Myrcia_fallax;0,63248;2,573507689;53;3
Myrtaceae;Myrcia;Myrcia_magnoliifolia;0,6162;2,038538531;50;3
Myrtaceae;Myrcia;Myrcia_sp.B1;0,685121107;2,666331748;50;3
Myrtaceae;Myrciaria;Myrciaria_floribunda;0,7128;2,821395033;25;3
Myrtaceae;MyrtaceaeIND;MyrtaceaeIND_sp.B10;0,7349;1,921170543;50;3
Myrtaceae;MyrtaceaeIND;MyrtaceaeIND_sp.FG1;0,74199;2,849288957;50;3
Myrtaceae;MyrtaceaeIND;MyrtaceaeIND_sp.FG2;0,7322;2,436413567;53;3
Myrtaceae;Plinia;Plinia_rivularis;0,68524;2,323695984;50;4
Nyctaginaceae;Neea;Neea_floribunda;0,4076;2,600853348;18;3
Nyctaginaceae;Neea;Neea_sp.B1;0,3963;2,623065989;50;3
Nyctaginaceae;Neea;Neea_sp.B2;0,4751;2,246782208;53;3
Nyctaginaceae;Neea;Neea_sp.B3;0,5349;3,009506538;50;3
Nyctaginaceae;Neea;Neea_sp.B4;0,48553;3,263408357;50;3
Nyctaginaceae;NyctaginaceaeIND;NyctaginaceaeIND_sp.5DS;0,6583;2,642493759;50;4
Ochnaceae;Ouratea;Ouratea_melinonii;0,68;2,62070331;24;3
Olacaceae;Cathedra;Cathedra_acuminata;0,68693;2,324948693;53;4
Olacaceae;Chaunochiton;Chaunochiton_kappleri;0,445615;2,54042002;32;3
Olacaceae;Dulacia;Dulacia_guianensis;0,63671;2,411744357;53;4
Olacaceae;Heisteria;Heisteria_densifrons;0,8363;2,575958643;16;3
Olacaceae;Minquartia;Minquartia_guianensis;0,6794;2,502290071;37;4
Olacaceae;Ptychopetalum;Ptychopetalum_olacoides;0,66675;2,59507857;53;4
Opiliaceae;Agonandra;Agonandra_silvatica;0,6649;2,670829489;40;4
Polygalaceae;Moutabea;Moutabea_guianensis;0,77687;2,62786006;50;4
Polygonaceae;Coccoloba;Coccoloba_mollis;0,65;2,495396657;30;3
Quiinaceae;Lacunaria;Lacunaria_crenata;0,80405;2,470605727;23;3
Quiinaceae;Lacunaria;Lacunaria_jenmanii;0,78475;1,874131084;50;3
Quiinaceae;Quiina;Quiina_guianensis;0,8431;2,835017149;10;2
Quiinaceae;Quiina;Quiina_obovata;0,76586;2,343966547;15;3
Quiinaceae;Quiina;Quiina_sp.B1;0,74202;2,237674959;50;3
Quiinaceae;Touroulia;Touroulia_guianensis;0,7165;2,946942109;30;3
Rhabdodendraceae;Rhabdodendron;Rhabdodendron_amazonicum;0,55587;2,37271639;10;3
Rhizophoraceae;Cassipourea;Cassipourea_guianensis;0,61;2,59910221;25;2
Rubiaceae;Amaioua;Amaioua_corymbosa;0,583385;2,754680927;50;1
Rubiaceae;Amaioua;Amaioua_guianensis;0,7484;2,58740757;11;2
Rubiaceae;Capirona;Capirona_decorticans;0,54437;2,377402575;10;1
Rubiaceae;Chimarrhis;Chimarrhis_turbinata;0,614;2,559078679;35;1
Rubiaceae;Duroia;Duroia_aquatica;0,63085;2,542920644;15;1
Rubiaceae;Duroia;Duroia_eriopila;0,69504;2,380910159;15;1
Rubiaceae;Duroia;Duroia_longiflora;0,7592;2,180926196;53;1
Rubiaceae;Faramea;Faramea_pedunculata;0,6131;2,067928635;50;1
Rubiaceae;Ferdinandusa;Ferdinandusa_paraensis;0,543815;2,629249806;53;1
Rubiaceae;Guettarda;Guettarda_acreana;0,6083;2,942771866;10;2
Rubiaceae;Isertia;Isertia_spiciformis;0,71;2,619688385;50;1
Rubiaceae;Palicourea;Palicourea_guianensis;0,51265;2,486134426;12;2
Rubiaceae;Posoqueria;Posoqueria_latifolia;0,6161;2,193973221;15;4
Rubiaceae;Psychotria;Psychotria_ficigemma;0,48251;2,778194171;53;1
Rubiaceae;Psychotria;Psychotria_mapourioides;0,3916;2,534655542;10;2
Rubiaceae;Stachyarrhena;Stachyarrhena_acuminata;0,665155;2,223981471;50;1
Rutaceae;Hortia;Hortia_excelsa;0,79527;2,324894455;50;4
Salicaceae;Casearia;Casearia_decandra;0,715;2,676940648;50;1
Salicaceae;Casearia;Casearia_javitensis;0,71785;2,573787372;17;2
Salicaceae;Casearia;Casearia_sp.B4;0,61337;2,897328927;50;1
Salicaceae;Casearia;Casearia_sylvestris;0,715;2,772455891;22;1
Salicaceae;Laetia;Laetia_procera;0,575;2,259895013;30;2
Salicaceae;Xylosma;Xylosma_benthamii;0,7042;3,056284181;52;3
Sapindaceae;Allophylus;Allophylus_angustatus;0,6568;2,282942054;50;3
Sapindaceae;Allophylus;Allophylus_latifolius;0,60784;2,807959753;53;3
Sapindaceae;Cupania;Cupania_diphylla;0,821;2,145954458;53;3
Sapindaceae;Cupania;Cupania_rubiginosa;0,7793;2,745670554;50;3
Sapindaceae;Cupania;Cupania_scrobiculata;0,70905;2,82684472;27;3
Sapindaceae;Cupania;Cupania_scrobiculatavar.guianensis;0,74;2,416758545;50;3
Sapindaceae;Matayba;Matayba_inelegans;0,622255;2,660562448;50;2
Sapindaceae;Matayba;Matayba_laevigata;0,75434;2,503515482;50;2
Sapindaceae;Melicoccus;Melicoccus_pedicellaris;0,8019;2,778335746;53;2
Sapindaceae;SapindaceaeIND;SapindaceaeIND_sp.B1;0,86605;2,02339994;50;4
Sapindaceae;SapindaceaeIND;SapindaceaeIND_sp.B8;0,73;2,930178024;52;2
Sapindaceae;Talisia;Talisia_clathrata;0,6656;2,718613701;50;4
Sapindaceae;Talisia;Talisia_hexaphylla;0,75592;2,174458019;30;3
Sapindaceae;Talisia;Talisia_microphylla;0,753141497;2,351321668;25;4
Sapindaceae;Talisia;Talisia_praealta;0,74;2,237048826;30;3
Sapindaceae;Talisia;Talisia_simaboides;0,7563;2,121244345;50;4
Sapindaceae;Talisia;Talisia_sp.B1;0,705;2,491572761;53;4
Sapindaceae;Vouarana;Vouarana_guianensis;0,750915;2,87653693;53;2
Sapotaceae;Chrysophyllum;Chrysophyllum_argenteum;0,78165;2,550613629;20;3
Sapotaceae;Chrysophyllum;Chrysophyllum_cuneifolium;0,75551605;2,419417818;15;4
Sapotaceae;Chrysophyllum;Chrysophyllum_eximium;0,7226;2,207040506;52;4
Sapotaceae;Chrysophyllum;Chrysophyllum_lucentifolium;0,6616;2,520324058;52;4
Sapotaceae;Chrysophyllum;Chrysophyllum_prieurii;0,7924;1,973781606;38;4
Sapotaceae;Chrysophyllum;Chrysophyllum_sanguinolentum;0,60375;1,9375775;40;4
Sapotaceae;Chrysophyllum;Chrysophyllum_sp.B1;0,5308;2,445758714;12;3
Sapotaceae;Diploon;Diploon_cuspidatum;0,7245;2,484488327;52;3
Sapotaceae;Ecclinusa;Ecclinusa_lanceolata;0,60377;2,040647098;10;4
Sapotaceae;Ecclinusa;Ecclinusa_ramiflora;0,59755;2,491121175;30;4
Sapotaceae;Elaeoluma;Elaeoluma_nuda;0,636;2,150864548;50;4
Sapotaceae;Elaeoluma;Elaeoluma_sp.B1;0,6583;2,146407248;53;4
Sapotaceae;Manilkara;Manilkara_bidentata;0,7323;1,954028117;50;4
Sapotaceae;Manilkara;Manilkara_huberi;0,7309;1,666537504;50;4
Sapotaceae;Micropholis;Micropholis_cayennensis;0,620755;1,691241022;50;3
Sapotaceae;Micropholis;Micropholis_egensis;0,6188;2,101172558;40;3
Sapotaceae;Micropholis;Micropholis_guyanensis;0,6439;2,212975209;42;4
Sapotaceae;Micropholis;Micropholis_longipedicellata;0,57385;2,700151143;50;3
Sapotaceae;Micropholis;Micropholis_melinoniana;0,53;2,339194839;52;4
Sapotaceae;Micropholis;Micropholis_mensalis;0,54755;2,06729609;12;3
Sapotaceae;Micropholis;Micropholis_obscura;0,69895;1,81964579;44;4
Sapotaceae;Micropholis;Micropholis_porphyrocarpa;0,6325;2,23269101;10;3
Sapotaceae;Micropholis;Micropholis_sanctae-rosae;0,674755;2,417116825;10;3
Sapotaceae;Micropholis;Micropholis_sp.B2;0,6529;2,060602877;50;4
Sapotaceae;Micropholis;Micropholis_sp.B3;0,6794;1,9059681;50;3
Sapotaceae;Micropholis;Micropholis_venulosa;0,5796;2,655511814;40;3
Sapotaceae;Pouteria;Pouteria_ambelaniifolia;0,8065;1,849263964;30;4
Sapotaceae;Pouteria;Pouteria_bangii;0,7933;2,0272385;50;4
Sapotaceae;Pouteria;Pouteria_benai;0,6589;2,572875423;52;4
Sapotaceae;Pouteria;Pouteria_bilocularis;0,74795;2,148148642;32;4
Sapotaceae;Pouteria;Pouteria_cladantha;0,8275;2,14582685;52;4
Sapotaceae;Pouteria;Pouteria_cuspidata;0,802141314;2,350376589;53;4
Sapotaceae;Pouteria;Pouteria_decorticans;0,80695;2,160960254;53;4
Sapotaceae;Pouteria;Pouteria_durlandii;0,68598;2,00027407;53;4
Sapotaceae;Pouteria;Pouteria_egregia;0,726835;2,110061584;43;4
Sapotaceae;Pouteria;Pouteria_engleri;0,65291;2,343744218;35;3
Sapotaceae;Pouteria;Pouteria_eugeniifolia;0,7478;2,026992228;41;4
Sapotaceae;Pouteria;Pouteria_filipes;0,7317;2,469639178;50;4
Sapotaceae;Pouteria;Pouteria_fimbriata;0,7963;2,953118513;35;4
Sapotaceae;Pouteria;Pouteria_flavilatex;0,66711;2,528837492;52;5
Sapotaceae;Pouteria;Pouteria_glomerata;0,841121495;1,995086294;52;4
Sapotaceae;Pouteria;Pouteria_gonggrijpii;0,690060194;2,19335274;28;4
Sapotaceae;Pouteria;Pouteria_grandis;0,6544;1,767333923;44;5
Sapotaceae;Pouteria;Pouteria_guianensis;0,7819;1,934242151;35;4
Sapotaceae;Pouteria;Pouteria_hispida;0,7738;2,70168991;36;4
Sapotaceae;Pouteria;Pouteria_IND;0,74211;2,1231261;50;4
Sapotaceae;Pouteria;Pouteria_jariensis;0,68579;2,307170378;26;4
Sapotaceae;Pouteria;Pouteria_laevigata;0,67761;2,908017546;52;4
Sapotaceae;Pouteria;Pouteria_macrocarpa;0,70932;1,773548508;52;4
Sapotaceae;Pouteria;Pouteria_macrophylla;0,613595;2,50733611;52;3
Sapotaceae;Pouteria;Pouteria_maxima;0,51409;1,547377594;53;4
Sapotaceae;Pouteria;Pouteria_melanopoda;0,706;1,985668125;53;5
Sapotaceae;Pouteria;Pouteria_petiolata;0,73153;2,499640701;50;5
Sapotaceae;Pouteria;Pouteria_putamen-ovi;0,74;1,602129719;52;4
Sapotaceae;Pouteria;Pouteria_reticulata;0,6675;2,070617391;37;4
Sapotaceae;Pouteria;Pouteria_retinervis;0,7944;2,682425934;52;4
Sapotaceae;Pouteria;Pouteria_rodriguesiana;0,72;2,56464706;50;4
Sapotaceae;Pouteria;Pouteria_singularis;0,704;2,514847898;20;3
Sapotaceae;Pouteria;Pouteria_sp.1;0,62034;2,446271314;50;5
Sapotaceae;Pouteria;Pouteria_sp.B11;0,64;2,569031265;53;4
Sapotaceae;Pouteria;Pouteria_sp.B12;0,7127;2,900495946;50;4
Sapotaceae;Pouteria;Pouteria_sp.B15;0,6798;2,730418722;52;4
Sapotaceae;Pouteria;Pouteria_sp.B19;0,7084;2,348455547;52;4
Sapotaceae;Pouteria;Pouteria_sp.B20;0,78;2,467753571;50;4
Sapotaceae;Pouteria;Pouteria_sp.B25;0,6158;2,72408005;52;4
Sapotaceae;Pouteria;Pouteria_sp.B27;0,656385;2,002776711;50;4
Sapotaceae;Pouteria;Pouteria_sp.B8;0,7329105;1,90447723;50;4
Sapotaceae;Pouteria;Pouteria_torta;0,767335;2,170493769;35;4
Sapotaceae;Pouteria;Pouteria_venosa;0,4578;3,323343085;40;5
Sapotaceae;Pradosia;Pradosia_cochlearia;0,6891;1,850798915;49;4
Sapotaceae;Pradosia;Pradosia_ptychandra;0,6354;2,314281133;37;4
Sapotaceae;Pradosia;Pradosia_sp.B1;0,6239;2,43293929;12;4
Simaroubaceae;Simaba;Simaba_cedron;0,4576;2,463592373;10;5
Simaroubaceae;Simaba;Simaba_morettii;0,3805;2,021172634;40;5
Simaroubaceae;Simaba;Simaba_polyphylla;0,539897621;2,766890701;50;5
Simaroubaceae;Simarouba;Simarouba_amara;0,3283;1,916843171;41;3
Styracaceae;Styrax;Styrax_pallidus;0,38207;2,596257053;10;2
Styracaceae;Styrax;Styrax_sp.B1;0,5186;2,53584034;53;3
Symplocaceae;Symplocos;Symplocos_martinicensis;0,4816;2,968752876;10;2
Theaceae;Ternstroemia;Ternstroemia_dentata;0,44324;2,463883184;10;2
Urticaceae;Cecropia;Cecropia_obtusa;0,48;2,118659872;24;1
Urticaceae;Pourouma;Pourouma_bicolor;0,3524;2,179775406;15;3
Urticaceae;Pourouma;Pourouma_melinonii;0,42;2,307986456;28;3
Urticaceae;Pourouma;Pourouma_minor;0,60565;2,614310707;53;3
Urticaceae;Pourouma;Pourouma_sp.B1;0,7899;1,786318422;50;3
Urticaceae;Pourouma;Pourouma_tomentosa;0,31;2,301505374;52;3
Urticaceae;Pourouma;Pourouma_villosa;0,426535;2,100948678;25;3
Verbenaceae;Vitex;Vitex_triflora;0,56506;3,20987038;53;2
Violaceae;Amphirrhox;Amphirrhox_longifolia;0,5805;2,95910786;25;2
Violaceae;Leonia;Leonia_glycycarpa;0,535735;2,459428522;23;4
Violaceae;Rinorea;Rinorea_sp.B1;0,63;2,973225697;52;4
Violaceae;Rinorea;Rinorea_sp.B2;0,7351;3,005181163;53;4
Vochysiaceae;Erisma;Erisma_floribundum;0,4754;2,512390879;52;2
Vochysiaceae;Erisma;Erisma_uncinatum;0,41342;2,050727747;12;2
Vochysiaceae;Qualea;Qualea_rosea;0,6037;2,302585093;46;3
Vochysiaceae;Qualea;Qualea_sp.B1;0,60115;2,283833942;52;3
Vochysiaceae;Ruizterania;Ruizterania_albiflora;0,631162044;2,4392299;53;2
Vochysiaceae;Vochysia;Vochysia_guianensis;0,49;2,269493838;42;3
Vochysiaceae;Vochysia;Vochysia_tomentosa;0,341865;2,484388974;32;2
Vochysiaceae;VochysiaceaeIND;VochysiaceaeIND_sp.B1;0,6051;3,627321561;10;2
Euphorbiaceae;Sandwithia;Sandwithia_guyanensis;0,3283;1,438667535;52;1
Sapindaceae;Indet.Sapindaceae;Indet.Sapindaceae_Indet.;0,49;1,73172749;53;1
Arecaceae;Oenocarpus;Oenocarpus_bataua;0,3172;1,438667535;52;1
Chrysobalanaceae;Hymenopus;Hymenopus_heteromorphus;0,3283;1,73172749;53;1
Chrysobalanaceae;Leptobalanus;Leptobalanus_sprucei;0,49;1,492540248;53;1
Meliaceae;Carapa;Carapa_surinamensis;0,28;1,492540248;52;5
Celastraceae;Maytenus;Maytenus_sp.1-CAY;0,3283;1,923246289;10;1
Clusiaceae;Tovomita;Tovomita_caloneura;0,49;1,688664848;10;1
Myrtaceae;Eugenia;Eugenia_sp.FG14-Holst;0,49;1,492540248;10;3
Clusiaceae;Tovomita;Tovomita_sp.5-CAY;0,49;1,73172749;52;5
Malvaceae;Theobroma;Theobroma_guianense;0,28;1,438667535;10;1
Burseraceae;Protium;Protium_surinamense;0,3916;1,923246289;10;4
Chrysobalanaceae;Licania;Licania_parvifructa;0,3916;1,688664848;12;5
Clusiaceae;Tovomita;Tovomita_obovata;0,3283;1,438667535;10;1
Apocynaceae;Tabernaemontana;Tabernaemontana_attenuata;0,28;1,73172749;53;1
Peraceae;Chaetocarpus;Chaetocarpus_sp.1-CAY;0,3283;1,923246289;50;2
Simaroubaceae;Homalolepis;Homalolepis_cedron;0,3916;1,923246289;50;1
Violaceae;Rinorea;Rinorea_pectinosquamata;0,3916;1,492540248;50;1
Elaeocarpaceae;Sloanea;Sloanea_brachytepala;0,49;1,492540248;50;1
Fabaceae;Andira;Andira_coriacea;0,3283;1,492540248;50;5
Lauraceae;Indet.Lauraceae;Indet.Lauraceae_Indet.;0,3283;1,492540248;50;1
Elaeocarpaceae;Sloanea;Sloanea_sp.22-CAY;0,28;1,73172749;50;1
Fabaceae;Swartzia;Swartzia_guianensis;0,3916;1,438667535;50;1
Clusiaceae;Tovomita;Tovomita_Indet.;0,3916;1,688664848;10;1
Malvaceae;Eriotheca;Eriotheca_globosa;0,3172;1,492540248;10;1
Sapotaceae;Pouteria;Pouteria_sp.42-CAY;0,49;1,73172749;50;4
Elaeocarpaceae;Sloanea;Sloanea_laxiflora;0,3172;1,688664848;53;1
Elaeocarpaceae;Sloanea;Sloanea_sp.4-CAY;0,3172;1,73172749;50;1
Clusiaceae;Tovomita;Tovomita_sp.22-CAY;0,3916;1,923246289;10;5
Sapotaceae;Chrysophyllum;Chrysophyllum_pomiferum;0,28;1,438667535;10;1
Clusiaceae;Tovomita;Tovomita_umbellata;0,49;1,923246289;50;5
Apocynaceae;Aspidosperma;Aspidosperma_excelsum;0,3283;1,688664848;52;3
Sapotaceae;Elaeoluma;Elaeoluma_Indet.;0,28;1,492540248;12;1
Clusiaceae;Tovomita;Tovomita_brevistaminea;0,3916;1,688664848;10;5
Fabaceae;Enterolobium;Enterolobium_oldemanii;0,3172;1,492540248;53;1
Clusiaceae;Tovomita;Tovomita_gazelii;0,3916;1,73172749;52;5
Rubiaceae;Faramea;Faramea_sessiliflora;0,49;1,923246289;50;1
Violaceae;Rinorea;Rinorea_flavescens;0,49;1,73172749;52;1
Burseraceae;Protium;Protium_stevensonii;0,3172;1,492540248;52;1
Chrysobalanaceae;Parinari;Parinari_parvifolia;0,3172;1,438667535;53;5
Lecythidaceae;Eschweilera;Eschweilera_collina;0,49;1,688664848;10;4
Chrysobalanaceae;Gaulettia;Gaulettia_parillo;0,28;1,73172749;10;1
Phyllanthaceae;Amanoa;Amanoa_congesta;0,3283;1,73172749;50;1
Clusiaceae;Garcinia;Garcinia_madruno;0,49;1,688664848;10;5
Melastomataceae;Henriettea;Henriettea_flavescens;0,49;1,492540248;50;1
Fabaceae;Inga;Inga_Indet.;0,49;1,73172749;10;3
Clusiaceae;Tovomita;Tovomita_sp.2-CAY;0,49;1,923246289;52;5
Clusiaceae;Tovomita;Tovomita_sp.11-CAY;0,49;1,923246289;53;5
Chrysobalanaceae;Parinariopsis;Parinariopsis_licaniiflora;0,28;1,492540248;50;1
Fabaceae;Inga;Inga_melinonii;0,3916;1,492540248;50;1
Annonaceae;Guatteria;Guatteria_schomburgkiana;0,3916;1,438667535;52;1
Lauraceae;Aniba;Aniba_taubertiana;0,28;1,73172749;50;1
Phyllanthaceae;Amanoa;Amanoa_guianensis;0,3916;1,438667535;10;1
Combretaceae;Terminalia;Terminalia_grandis;0,3283;1,923246289;50;1
Annonaceae;Anaxagorea;Anaxagorea_dolichocarpa;0,3172;1,438667535;10;1
Meliaceae;Guarea;Guarea_pubescens;0,3916;1,923246289;50;1
Lauraceae;Aniba;Aniba_citrifolia;0,49;1,492540248;50;1
Rubiaceae;Coussarea;Coussarea_machadoana;0,49;1,438667535;10;1
Apocynaceae;Rauvolfia;Rauvolfia_paraensis;0,3916;1,438667535;50;1
Fabaceae;Limadendron;Limadendron_hostmannii;0,3283;1,438667535;50;1
Melastomataceae;Votomita;Votomita_guianensis;0,49;1,492540248;50;1
Malpighiaceae;Byrsonima;Byrsonima_aerugo;0,3283;1,688664848;52;1
Clusiaceae;Tovomita;Tovomita_fanshawei;0,3283;1,73172749;12;5
Fabaceae;Inga;Inga_cylindrica;0,3283;1,923246289;12;3
Myrtaceae;Eugenia;Eugenia_exaltata;0,28;1,73172749;10;1
Sapotaceae;Pouteria;Pouteria_caimito;0,28;1,923246289;12;5
Elaeocarpaceae;Sloanea;Sloanea_Indet.;0,49;1,492540248;50;1
Lecythidaceae;Eschweilera;Eschweilera_Indet.;0,28;1,492540248;10;1
Calophyllaceae;Caraipa;Caraipa_punctulata;0,49;1,688664848;50;1
Hypericaceae;Vismia;Vismia_sessilifolia;0,3283;1,492540248;50;1
Fabaceae;Ormosia;Ormosia_coutinhoi;0,28;1,492540248;53;1
Elaeocarpaceae;Sloanea;Sloanea_synandra;0,28;1,438667535;53;1
Chrysobalanaceae;Couepia;Couepia_obovata;0,28;1,492540248;10;5
Melastomataceae;Miconia;Miconia_minutiflora;0,3172;1,73172749;53;1
Burseraceae;Indet.Burseraceae;Indet.Burseraceae_Indet.;0,49;1,73172749;10;1
Fabaceae;Albizia;Albizia_pedicellaris;0,49;1,492540248;50;5
Clusiaceae;Garcinia;Garcinia_benthamiana;0,3283;1,73172749;10;5
Siparunaceae;Siparuna;Siparuna_cuspidata;0,3916;1,923246289;52;3
Olacaceae;Heisteria;Heisteria_Indet.;0,3172;1,688664848;50;1
Malpighiaceae;Byrsonima;Byrsonima_Indet.;0,3172;1,923246289;50;1
Burseraceae;Protium;Protium_Indet.;0,3283;1,492540248;50;1
Myrtaceae;Indet.Myrtaceae;Indet.Myrtaceae_Indet.;0,3172;1,73172749;50;1
Indet.;Indet.Indet.;Indet.Indet._Indet.;0,3916;1,688664848;12;1
Annonaceae;Indet.Annonaceae;Indet.Annonaceae_Indet.;0,49;1,438667535;53;1
Lecythidaceae;Indet.Lecythidaceae;Indet.Lecythidaceae_Indet.;0,3916;1,438667535;50;1
Sapotaceae;Indet.Sapotaceae;Indet.Sapotaceae_Indet.;0,49;1,688664848;53;1
Nyctaginaceae;Neea;Neea_Indet.;0,3916;1,492540248;50;1
Calophyllaceae;Mahurea;Mahurea_palustris;0,3172;1,73172749;50;1
Elaeocarpaceae;Sloanea;Sloanea_parviflora;0,3172;1,688664848;53;1
Sapotaceae;Ecclinusa;Ecclinusa_guianensis;0,3172;1,688664848;10;4
Ochnaceae;Quiina;Quiina_integrifolia;0,3916;1,688664848;50;5
Elaeocarpaceae;Sloanea;Sloanea_sp.70-CAY;0,49;1,438667535;52;1
Sapindaceae;Talisia;Talisia_furfuracea;0,28;1,73172749;50;1
Elaeocarpaceae;Sloanea;Sloanea_conferta;0,3916;1,438667535;50;1
Elaeocarpaceae;Sloanea;Sloanea_granulosa;0,49;1,688664848;50;1
Bignoniaceae;Tabebuia;Tabebuia_insignis;0,28;1,73172749;50;1
Fabaceae;Inga;Inga_cayennensis;0,49;1,438667535;50;4
Fabaceae;Inga;Inga_sp.12-CAY;0,3916;1,688664848;50;1
Chrysobalanaceae;Leptobalanus;Leptobalanus_longistylus;0,49;1,923246289;10;1
Fabaceae;Inga;Inga_marginata;0,3172;1,688664848;10;1
Simaroubaceae;Homalolepis;Homalolepis_morettii;0,49;1,492540248;50;1
Annonaceae;Xylopia;Xylopia_pulcherrima;0,3916;1,688664848;53;2
Myrtaceae;Eugenia;Eugenia_anastomosans;0,49;1,492540248;50;1
Fabaceae;Parkia;Parkia_pendula;0,3283;1,688664848;50;3
Sapindaceae;Matayba;Matayba_opaca;0,28;1,688664848;52;1
Fabaceae;Inga;Inga_graciliflora;0,3172;1,438667535;10;1
Fabaceae;Inga;Inga_lomatophylla;0,3172;1,73172749;10;3
Rubiaceae;Indet.Rubiaceae;Indet.Rubiaceae_Indet.;0,28;1,492540248;12;1
Burseraceae;Protium;Protium_plagiocarpium;0,49;1,73172749;53;4
Violaceae;Indet.Violaceae;Indet.Violaceae_Indet.;0,49;1,438667535;53;1
Melastomataceae;Mouriri;Mouriri_Indet.;0,3283;1,438667535;50;1
Sapotaceae;Pouteria;Pouteria_cicatricata;0,49;1,923246289;52;5
Fabaceae;Ormosia;Ormosia_paraensis;0,3172;1,73172749;52;3
Malvaceae;Sterculia;Sterculia_Indet.;0,3916;1,492540248;10;1
Euphorbiaceae;Sagotia;Sagotia_racemosa;0,28;1,73172749;50;1
Fabaceae;Inga;Inga_jenmanii;0,3916;1,688664848;10;1
Malpighiaceae;Byrsonima;Byrsonima_densa;0,28;1,923246289;53;1
Rubiaceae;Duroia;Duroia_micrantha;0,3283;1,923246289;53;1
Lauraceae;Ocotea;Ocotea_glomerata;0,28;1,492540248;10;3
Myrtaceae;Eugenia;Eugenia_sp.FG21-Holst;0,3283;1,492540248;10;1
Fabaceae;Copaifera;Copaifera_guyanensis;0,49;1,438667535;10;3
Annonaceae;Xylopia;Xylopia_crinita;0,49;1,73172749;53;1
Sapotaceae;Pouteria;Pouteria_cayennensis;0,3916;1,438667535;53;5
Ochnaceae;Quiina;Quiina_macrophylla;0,3283;1,492540248;53;1
Malvaceae;Eriotheca;Eriotheca_Indet.;0,3916;1,492540248;53;1
